<metadata xml:lang="en"><Esri><CreaDate>20240829</CreaDate><CreaTime>16050800</CreaTime><ArcGISFormat>1.0</ArcGISFormat><SyncOnce>FALSE</SyncOnce><DataProperties><itemProps><itemName Sync="TRUE">Union_2020_30km_2</itemName><imsContentType Sync="TRUE">002</imsContentType><itemSize Sync="TRUE">0.000</itemSize><itemLocation><linkage Sync="TRUE">file://\\UT179138\C$\Users\MeredithES\OneDrive - University of Twente\Documents\Cities\R_Code_Cities\Cities\Union\Union_2020_30km_2.shp</linkage><protocol Sync="TRUE">Local Area Network</protocol></itemLocation></itemProps><coordRef><type Sync="TRUE">Geographic</type><geogcsn Sync="TRUE">GCS_WGS_1984</geogcsn><csUnits Sync="TRUE">Angular Unit: Degree (0.017453)</csUnits><peXml Sync="TRUE">&lt;GeographicCoordinateSystem xsi:type='typens:GeographicCoordinateSystem' xmlns:xsi='http://www.w3.org/2001/XMLSchema-instance' xmlns:xs='http://www.w3.org/2001/XMLSchema' xmlns:typens='http://www.esri.com/schemas/ArcGIS/3.2.0'&gt;&lt;WKT&gt;GEOGCS[&amp;quot;GCS_WGS_1984&amp;quot;,DATUM[&amp;quot;D_WGS_1984&amp;quot;,SPHEROID[&amp;quot;WGS_1984&amp;quot;,6378137.0,298.257223563]],PRIMEM[&amp;quot;Greenwich&amp;quot;,0.0],UNIT[&amp;quot;Degree&amp;quot;,0.0174532925199433],AUTHORITY[&amp;quot;EPSG&amp;quot;,4326]]&lt;/WKT&gt;&lt;XOrigin&gt;-400&lt;/XOrigin&gt;&lt;YOrigin&gt;-400&lt;/YOrigin&gt;&lt;XYScale&gt;11258999068426.238&lt;/XYScale&gt;&lt;ZOrigin&gt;-100000&lt;/ZOrigin&gt;&lt;ZScale&gt;10000&lt;/ZScale&gt;&lt;MOrigin&gt;-100000&lt;/MOrigin&gt;&lt;MScale&gt;10000&lt;/MScale&gt;&lt;XYTolerance&gt;8.983152841195215e-09&lt;/XYTolerance&gt;&lt;ZTolerance&gt;0.001&lt;/ZTolerance&gt;&lt;MTolerance&gt;0.001&lt;/MTolerance&gt;&lt;HighPrecision&gt;true&lt;/HighPrecision&gt;&lt;LeftLongitude&gt;-180&lt;/LeftLongitude&gt;&lt;WKID&gt;4326&lt;/WKID&gt;&lt;LatestWKID&gt;4326&lt;/LatestWKID&gt;&lt;/GeographicCoordinateSystem&gt;</peXml></coordRef><lineage><Process ToolSource="c:\program files\arcgis\pro\Resources\ArcToolbox\toolboxes\Data Management Tools.tbx\CopyFeatures" Date="20240829" Time="160508">CopyFeatures in_memory/table_merged_intermediate "C:\Users\MeredithES\OneDrive - University of Twente\Documents\Cities\R_Code_Cities\Cities\Volcano_buffers\Volcano_points.shp" # # # #</Process><Process ToolSource="c:\program files\arcgis\pro\Resources\ArcToolbox\toolboxes\Data Management Tools.tbx\AddSpatialIndex" Date="20240829" Time="160534">AddSpatialIndex "C:\Users\MeredithES\OneDrive - University of Twente\Documents\Cities\R_Code_Cities\Cities\Volcano_buffers\Volcano_points.shp" 0 0 0</Process><Process ToolSource="c:\program files\arcgis\pro\Resources\ArcToolbox\toolboxes\Data Management Tools.tbx\XYTableToPoint" Date="20240829" Time="160546">XYTableToPoint "C:\Users\MeredithES\OneDrive - University of Twente\Documents\Cities\R_Code_Cities\Cities\Volcano_buffers\GVP_Volcano_List_Holocene_202408290959.csv" "C:\Users\MeredithES\OneDrive - University of Twente\Documents\Cities\R_Code_Cities\Cities\Volcano_buffers\Volcano_points.shp" Longitude Latitude # "PROJCS["World_Mollweide",GEOGCS["GCS_WGS_1984",DATUM["D_WGS_1984",SPHEROID["WGS_1984",6378137.0,298.257223563]],PRIMEM["Greenwich",0.0],UNIT["Degree",0.0174532925199433]],PROJECTION["Mollweide"],PARAMETER["False_Easting",0.0],PARAMETER["False_Northing",0.0],PARAMETER["Central_Meridian",0.0],UNIT["Meter",1.0]];-18040200 -9020200 10000;-100000 10000;-100000 10000;0.001;0.001;0.001;IsHighPrecision"</Process><Process ToolSource="c:\program files\arcgis\pro\Resources\ArcToolbox\toolboxes\Data Management Tools.tbx\DefineProjection" Date="20240829" Time="162714">DefineProjection Volcano_points GEOGCS["GCS_WGS_1984",DATUM["D_WGS_1984",SPHEROID["WGS_1984",6378137.0,298.257223563]],PRIMEM["Greenwich",0.0],UNIT["Degree",0.0174532925199433]]</Process><Process ToolSource="c:\program files\arcgis\pro\Resources\ArcToolbox\toolboxes\Analysis Tools.tbx\Buffer" Date="20241112" Time="104109">Buffer Volcano_points "C:\Users\MeredithES\OneDrive - University of Twente\Documents\Cities\Geodesic_buffers\30km.shp" "30 Kilometers" Full Round "No Dissolve" # "Geodesic (shape preserving)"</Process><Process ToolSource="c:\program files\arcgis\pro\Resources\ArcToolbox\toolboxes\Analysis Tools.tbx\Union" Date="20241129" Time="173813">Union "30km #" "C:\Users\MeredithES\OneDrive - University of Twente\Documents\ArcGIS\Projects\MyProject26\MyProject26.gdb\c30km_Union" "All attributes" # GAPS</Process><Process ToolSource="c:\program files\arcgis\pro\Resources\ArcToolbox\toolboxes\Analysis Tools.tbx\SpatialJoin" Date="20241129" Time="175608">SpatialJoin c30km_Union 30km "C:\Users\MeredithES\OneDrive - University of Twente\Documents\ArcGIS\Projects\MyProject26\MyProject26.gdb\c30km_Union_SpatialJoin3" "Join one to one" KEEP_ALL "FID_30km "FID_30km" true true false 4 Long 0 0,First,#,c30km_Union,FID_30km,-1,-1;Volcano_Nu "Volcano_Nu" true true false 4 Long 0 0,First,#,c30km_Union,Volcano_Nu,-1,-1;Volcano_Na "Volcano_Na" true true false 254 Text 0 0,First,#,c30km_Union,Volcano_Na,0,253;Country "Country" true true false 254 Text 0 0,First,#,c30km_Union,Country,0,253;Volcanic_R "Volcanic_R" true true false 254 Text 0 0,First,#,c30km_Union,Volcanic_R,0,253;Volcanic_P "Volcanic_P" true true false 254 Text 0 0,First,#,c30km_Union,Volcanic_P,0,253;Volcano_La "Volcano_La" true true false 254 Text 0 0,First,#,c30km_Union,Volcano_La,0,253;Primary_Vo "Primary_Vo" true true false 254 Text 0 0,First,#,c30km_Union,Primary_Vo,0,253;Activity_E "Activity_E" true true false 254 Text 0 0,First,#,c30km_Union,Activity_E,0,253;Last_Known "Last_Known" true true false 254 Text 0 0,First,#,c30km_Union,Last_Known,0,253;Latitude "Latitude" true true false 8 Double 0 0,First,#,c30km_Union,Latitude,-1,-1;Longitude "Longitude" true true false 8 Double 0 0,First,#,c30km_Union,Longitude,-1,-1;Elevation_ "Elevation_" true true false 4 Long 0 0,First,#,c30km_Union,Elevation_,-1,-1;Tectonic_S "Tectonic_S" true true false 254 Text 0 0,First,#,c30km_Union,Tectonic_S,0,253;Dominant_R "Dominant_R" true true false 254 Text 0 0,First,#,c30km_Union,Dominant_R,0,253;BUFF_DIST "BUFF_DIST" true true false 8 Double 0 0,First,#,c30km_Union,BUFF_DIST,-1,-1;ORIG_FID "ORIG_FID" true true false 4 Long 0 0,First,#,c30km_Union,ORIG_FID,-1,-1;Shape_Length "Shape_Length" false true true 8 Double 0 0,First,#,c30km_Union,Shape_Length,-1,-1;Shape_Area "Shape_Area" false true true 8 Double 0 0,First,#,c30km_Union,Shape_Area,-1,-1;Volcano_Nu_1 "Volcano_Nu" true true false 10 Long 0 10,First,#,30km,Volcano_Nu,-1,-1;Volcano_Na_1 "Volcano_Na" true true false 254 Text 0 0,First,#,30km,Volcano_Na,0,253;Country_1 "Country" true true false 254 Text 0 0,First,#,30km,Country,0,253;Volcanic_R_1 "Volcanic_R" true true false 254 Text 0 0,First,#,30km,Volcanic_R,0,253;Volcanic_P_1 "Volcanic_P" true true false 254 Text 0 0,First,#,30km,Volcanic_P,0,253;Volcano_La_1 "Volcano_La" true true false 254 Text 0 0,First,#,30km,Volcano_La,0,253;Primary_Vo_1 "Primary_Vo" true true false 254 Text 0 0,First,#,30km,Primary_Vo,0,253;Activity_E_1 "Activity_E" true true false 254 Text 0 0,First,#,30km,Activity_E,0,253;Last_Known_1 "Last_Known" true true false 254 Text 0 0,First,#,30km,Last_Known,0,253;Latitude_1 "Latitude" true true false 19 Double 0 0,First,#,30km,Latitude,-1,-1;Longitude_1 "Longitude" true true false 19 Double 0 0,First,#,30km,Longitude,-1,-1;Elevation1 "Elevation_" true true false 10 Long 0 10,First,#,30km,Elevation_,-1,-1;Tectonic_S_1 "Tectonic_S" true true false 254 Text 0 0,First,#,30km,Tectonic_S,0,253;Dominant_R_1 "Dominant_R" true true false 254 Text 0 0,First,#,30km,Dominant_R,0,253;BUFF_DIST_1 "BUFF_DIST" true true false 19 Double 0 0,First,#,30km,BUFF_DIST,-1,-1;ORIG_FID_1 "ORIG_FID" true true false 10 Long 0 10,First,#,30km,ORIG_FID,-1,-1;Volcano "Volcano" true true false 10 Long 0 10,First,#,30km,Volcano,-1,-1" Intersect # # #</Process><Process ToolSource="c:\program files\arcgis\pro\Resources\ArcToolbox\toolboxes\Data Management Tools.tbx\Dissolve" Date="20241129" Time="175847">Dissolve c30km_Union_SpatialJoin3 "C:\Users\MeredithES\OneDrive - University of Twente\Documents\Cities\R_Code_Cities\Cities\Union\Union_2020_30km_2.shp" Shape_Length "Volcano SUM" MULTI_PART DISSOLVE_LINES #</Process><Process ToolSource="c:\program files\arcgis\pro\Resources\ArcToolbox\toolboxes\Analysis Tools.tbx\Clip" Date="20241129" Time="180018">Clip Union_2020_30km_2 2020_2 "C:\Users\MeredithES\OneDrive - University of Twente\Documents\Cities\R_Code_Cities\Cities\Union\Union_2020_10km_2.shp" #</Process><Process ToolSource="c:\program files\arcgis\pro\Resources\ArcToolbox\toolboxes\Analysis Tools.tbx\SpatialJoin" Date="20241129" Time="180214">SpatialJoin Union_2020_10km_2 2020_2 "C:\Users\MeredithES\OneDrive - University of Twente\Documents\Cities\R_Code_Cities\Cities\Union\Union_2020_30km_2.shp" "Join one to one" KEEP_ALL "Shape_Leng "Shape_Leng" true true false 19 Double 0 0,First,#,Union_2020_10km_2,Shape_Leng,-1,-1;SUM_Volcan "SUM_Volcan" true true false 19 Double 0 0,First,#,Union_2020_10km_2,SUM_Volcan,-1,-1;Join_Count "Join_Count" true true false 10 Long 0 10,First,#,2020_2,Join_Count,-1,-1;TARGET_FID "TARGET_FID" true true false 10 Long 0 10,First,#,2020_2,TARGET_FID,-1,-1;Name "Name" true true false 80 Text 0 0,First,#,2020_2,Name,0,79;Country "Country" true true false 80 Text 0 0,First,#,2020_2,Country,0,79;Subregn "Subregn" true true false 80 Text 0 0,First,#,2020_2,Subregn,0,79;100kmPp "100kmPp" true true false 19 Double 15 18,First,#,2020_2,100kmPp,-1,-1;30kmPpl "30kmPpl" true true false 19 Double 15 18,First,#,2020_2,30kmPpl,-1,-1;10kmPpl "10kmPpl" true true false 19 Double 15 18,First,#,2020_2,10kmPpl,-1,-1;TtlPplt "TtlPplt" true true false 19 Double 15 18,First,#,2020_2,TtlPplt,-1,-1;Nrst_Vl "Nrst_Vl" true true false 80 Text 0 0,First,#,2020_2,Nrst_Vl,0,79;Nr_V_D_ "Nr_V_D_" true true false 19 Double 15 18,First,#,2020_2,Nr_V_D_,-1,-1;CONTINENT "CONTINENT" true true false 23 Text 0 0,First,#,2020_2,CONTINENT,0,22;REGION_UN "REGION_UN" true true false 10 Text 0 0,First,#,2020_2,REGION_UN,0,9;SUBREGION "SUBREGION" true true false 25 Text 0 0,First,#,2020_2,SUBREGION,0,24;REGION_WB "REGION_WB" true true false 26 Text 0 0,First,#,2020_2,REGION_WB,0,25" Intersect # # #</Process></lineage><LayerFile>{"type":"CIMLayerDocument","version":"3.2.0","build":49743,"layers":["CIMPATH=map/30km.json"],"layerDefinitions":[{"type":"CIMFeatureLayer","name":"30km","uRI":"CIMPATH=map/30km.json","sourceModifiedTime":{"type":"TimeInstant"},"useSourceMetadata":true,"description":"30km","layerElevation":{"type":"CIMLayerElevationSurface","elevationSurfaceLayerURI":"CIMPATH=6e51755f159e43ddab47cbc710af6f2d.json"},"expanded":true,"layerType":"Operational","showLegends":true,"visibility":true,"displayCacheType":"Permanent","maxDisplayCacheAge":5,"showPopups":true,"serviceLayerID":-1,"refreshRate":-1,"refreshRateUnit":"esriTimeUnitsSeconds","blendingMode":"Alpha","allowDrapingOnIntegratedMesh":true,"autoGenerateFeatureTemplates":true,"featureElevationExpression":"0","featureTable":{"type":"CIMFeatureTable","displayField":"Volcano_Na","editable":true,"dataConnection":{"type":"CIMStandardDataConnection"},"studyAreaSpatialRel":"esriSpatialRelUndefined","searchOrder":"esriSearchOrderSpatial"},"htmlPopupEnabled":true,"selectable":true,"featureCacheType":"Session","displayFiltersType":"ByScale","featureBlendingMode":"Alpha","labelClasses":[{"type":"CIMLabelClass","expression":"$feature.OBJECTID","expressionEngine":"Arcade","featuresToLabel":"AllVisibleFeatures","maplexLabelPlacementProperties":{"type":"CIMMaplexLabelPlacementProperties","featureType":"Polygon","avoidPolygonHoles":true,"canOverrunFeature":true,"canPlaceLabelOutsidePolygon":true,"canRemoveOverlappingLabel":true,"canStackLabel":true,"centerLabelAnchorType":"Symbol","connectionType":"Unambiguous","constrainOffset":"NoConstraint","contourAlignmentType":"Page","contourLadderType":"Straight","contourMaximumAngle":90,"enableConnection":true,"featureWeight":0,"fontHeightReductionLimit":4,"fontHeightReductionStep":0.5,"fontWidthReductionLimit":90,"fontWidthReductionStep":5,"graticuleAlignmentType":"Straight","keyNumberGroupName":"Default","labelBuffer":15,"labelLargestPolygon":false,"labelPriority":-1,"labelStackingProperties":{"type":"CIMMaplexLabelStackingProperties","stackAlignment":"ChooseBest","maximumNumberOfLines":3,"minimumNumberOfCharsPerLine":3,"maximumNumberOfCharsPerLine":24,"separators":[{"type":"CIMMaplexStackingSeparator","separator":" ","splitAfter":true},{"type":"CIMMaplexStackingSeparator","separator":",","visible":true,"splitAfter":true}],"trimStackingSeparators":true},"lineFeatureType":"General","linePlacementMethod":"OffsetCurvedFromLine","maximumLabelOverrun":80,"maximumLabelOverrunUnit":"Point","minimumFeatureSizeUnit":"Map","multiPartOption":"OneLabelPerPart","offsetAlongLineProperties":{"type":"CIMMaplexOffsetAlongLineProperties","placementMethod":"BestPositionAlongLine","labelAnchorPoint":"CenterOfLabel","distanceUnit":"Percentage","useLineDirection":true},"pointExternalZonePriorities":{"type":"CIMMaplexExternalZonePriorities","aboveLeft":4,"aboveCenter":2,"aboveRight":1,"centerRight":3,"belowRight":5,"belowCenter":7,"belowLeft":8,"centerLeft":6},"pointPlacementMethod":"AroundPoint","polygonAnchorPointType":"GeometricCenter","polygonBoundaryWeight":0,"polygonExternalZones":{"type":"CIMMaplexExternalZonePriorities","aboveLeft":4,"aboveCenter":2,"aboveRight":1,"centerRight":3,"belowRight":5,"belowCenter":7,"belowLeft":8,"centerLeft":6},"polygonFeatureType":"General","polygonInternalZones":{"type":"CIMMaplexInternalZonePriorities","center":1},"polygonPlacementMethod":"HorizontalInPolygon","primaryOffset":1,"primaryOffsetUnit":"Point","removeAmbiguousLabels":"All","removeExtraWhiteSpace":true,"repetitionIntervalUnit":"Map","rotationProperties":{"type":"CIMMaplexRotationProperties","rotationType":"Arithmetic","alignmentType":"Straight"},"secondaryOffset":100,"secondaryOffsetUnit":"Percentage","strategyPriorities":{"type":"CIMMaplexStrategyPriorities","stacking":1,"overrun":2,"fontCompression":3,"fontReduction":4,"abbreviation":5},"thinningDistanceUnit":"Point","truncationMarkerCharacter":".","truncationMinimumLength":1,"truncationPreferredCharacters":"aeiou","polygonAnchorPointPerimeterInsetUnit":"Point"},"name":"Class 1","priority":-1,"standardLabelPlacementProperties":{"type":"CIMStandardLabelPlacementProperties","featureType":"Line","featureWeight":"Low","labelWeight":"High","numLabelsOption":"OneLabelPerName","lineLabelPosition":{"type":"CIMStandardLineLabelPosition","above":true,"inLine":true,"parallel":true},"lineLabelPriorities":{"type":"CIMStandardLineLabelPriorities","aboveStart":3,"aboveAlong":3,"aboveEnd":3,"centerStart":3,"centerAlong":3,"centerEnd":3,"belowStart":3,"belowAlong":3,"belowEnd":3},"pointPlacementMethod":"AroundPoint","pointPlacementPriorities":{"type":"CIMStandardPointPlacementPriorities","aboveLeft":2,"aboveCenter":2,"aboveRight":1,"centerLeft":3,"centerRight":2,"belowLeft":3,"belowCenter":3,"belowRight":2},"rotationType":"Arithmetic","polygonPlacementMethod":"AlwaysHorizontal"},"textSymbol":{"type":"CIMSymbolReference","symbol":{"type":"CIMTextSymbol","blockProgression":"TTB","depth3D":1,"extrapolateBaselines":true,"fontEffects":"Normal","fontEncoding":"Unicode","fontFamilyName":"Tahoma","fontStyleName":"Regular","fontType":"Unspecified","haloSize":1,"height":10,"hinting":"Default","horizontalAlignment":"Left","kerning":true,"letterWidth":100,"ligatures":true,"lineGapType":"ExtraLeading","symbol":{"type":"CIMPolygonSymbol","symbolLayers":[{"type":"CIMSolidFill","enable":true,"color":{"type":"CIMRGBColor","values":[0,0,0,100]}}],"angleAlignment":"Map"},"textCase":"Normal","textDirection":"LTR","verticalAlignment":"Bottom","verticalGlyphOrientation":"Right","wordSpacing":100,"billboardMode3D":"FaceNearPlane"}},"useCodedValue":true,"visibility":true,"iD":-1}],"renderer":{"type":"CIMSimpleRenderer","sampleSize":10000,"patch":"Default","symbol":{"type":"CIMSymbolReference","symbol":{"type":"CIMPolygonSymbol","symbolLayers":[{"type":"CIMSolidStroke","enable":true,"colorLocked":true,"capStyle":"Butt","joinStyle":"Round","lineStyle3D":"Strip","miterLimit":10,"width":1,"height3D":1,"anchor3D":"Center","color":{"type":"CIMRGBColor","values":[110,110,110,100]}},{"type":"CIMSolidFill","enable":true,"color":{"type":"CIMRGBColor","values":[0,100,255,36.8627433776855469]}}],"angleAlignment":"Map"}}},"scaleSymbols":true,"snappable":true}]}</LayerFile></DataProperties><SyncDate>20241129</SyncDate><SyncTime>18021400</SyncTime><ModDate>20241129</ModDate><ModTime>18021400</ModTime></Esri><dataIdInfo><envirDesc Sync="TRUE">Microsoft Windows 10 Version 10.0 (Build 22631) ; Esri ArcGIS 13.2.2.49743</envirDesc><dataLang><languageCode value="eng" Sync="TRUE"></languageCode><countryCode value="USA" Sync="TRUE"></countryCode></dataLang><idCitation><resTitle Sync="TRUE">Union_2020_30km_2</resTitle><presForm><PresFormCd value="005" Sync="TRUE"></PresFormCd></presForm></idCitation><spatRpType><SpatRepTypCd value="001" Sync="TRUE"></SpatRepTypCd></spatRpType></dataIdInfo><mdLang><languageCode value="eng" Sync="TRUE"></languageCode><countryCode value="USA" Sync="TRUE"></countryCode></mdLang><mdChar><CharSetCd value="004" Sync="TRUE"></CharSetCd></mdChar><distInfo><distFormat><formatName Sync="TRUE">Shapefile</formatName></distFormat><distTranOps><transSize Sync="TRUE">0.000</transSize></distTranOps></distInfo><mdHrLv><ScopeCd value="005" Sync="TRUE"></ScopeCd></mdHrLv><mdHrLvName Sync="TRUE">dataset</mdHrLvName><refSysInfo><RefSystem><refSysID><identCode code="4326" Sync="TRUE"></identCode><idCodeSpace Sync="TRUE">EPSG</idCodeSpace><idVersion Sync="TRUE">6.2(3.0.1)</idVersion></refSysID></RefSystem></refSysInfo><spatRepInfo><VectSpatRep><geometObjs Name="Union_2020_30km_2"><geoObjTyp><GeoObjTypCd value="002" Sync="TRUE"></GeoObjTypCd></geoObjTyp><geoObjCnt Sync="TRUE">0</geoObjCnt></geometObjs><topLvl><TopoLevCd value="001" Sync="TRUE"></TopoLevCd></topLvl></VectSpatRep></spatRepInfo><spdoinfo><ptvctinf><esriterm Name="Union_2020_30km_2"><efeatyp Sync="TRUE">Simple</efeatyp><efeageom code="4" Sync="TRUE"></efeageom><esritopo Sync="TRUE">FALSE</esritopo><efeacnt Sync="TRUE">0</efeacnt><spindex Sync="TRUE">FALSE</spindex><linrefer Sync="TRUE">FALSE</linrefer></esriterm></ptvctinf></spdoinfo><eainfo><detailed Name="Union_2020_30km_2"><enttyp><enttypl Sync="TRUE">Union_2020_30km_2</enttypl><enttypt Sync="TRUE">Feature Class</enttypt><enttypc Sync="TRUE">0</enttypc></enttyp><attr><attrlabl Sync="TRUE">FID</attrlabl><attalias Sync="TRUE">FID</attalias><attrtype Sync="TRUE">OID</attrtype><attwidth Sync="TRUE">4</attwidth><atprecis Sync="TRUE">0</atprecis><attscale Sync="TRUE">0</attscale><attrdef Sync="TRUE">Internal feature number.</attrdef><attrdefs Sync="TRUE">Esri</attrdefs><attrdomv><udom Sync="TRUE">Sequential unique whole numbers that are automatically generated.</udom></attrdomv></attr><attr><attrlabl Sync="TRUE">Shape</attrlabl><attalias Sync="TRUE">Shape</attalias><attrtype Sync="TRUE">Geometry</attrtype><attwidth Sync="TRUE">0</attwidth><atprecis Sync="TRUE">0</atprecis><attscale Sync="TRUE">0</attscale><attrdef Sync="TRUE">Feature geometry.</attrdef><attrdefs Sync="TRUE">Esri</attrdefs><attrdomv><udom Sync="TRUE">Coordinates defining the features.</udom></attrdomv></attr><attr><attrlabl Sync="TRUE">Join_Count</attrlabl><attalias Sync="TRUE">Join_Count</attalias><attrtype Sync="TRUE">Integer</attrtype><attwidth Sync="TRUE">10</attwidth><atprecis Sync="TRUE">10</atprecis><attscale Sync="TRUE">0</attscale></attr><attr><attrlabl Sync="TRUE">TARGET_FID</attrlabl><attalias Sync="TRUE">TARGET_FID</attalias><attrtype Sync="TRUE">Integer</attrtype><attwidth Sync="TRUE">10</attwidth><atprecis Sync="TRUE">10</atprecis><attscale Sync="TRUE">0</attscale></attr><attr><attrlabl Sync="TRUE">Shape_Leng</attrlabl><attalias Sync="TRUE">Shape_Leng</attalias><attrtype Sync="TRUE">Double</attrtype><attwidth Sync="TRUE">19</attwidth><atprecis Sync="TRUE">0</atprecis><attscale Sync="TRUE">0</attscale></attr><attr><attrlabl Sync="TRUE">SUM_Volcan</attrlabl><attalias Sync="TRUE">SUM_Volcan</attalias><attrtype Sync="TRUE">Double</attrtype><attwidth Sync="TRUE">19</attwidth><atprecis Sync="TRUE">0</atprecis><attscale Sync="TRUE">0</attscale></attr><attr><attrlabl Sync="TRUE">Join_Cou_1</attrlabl><attalias Sync="TRUE">Join_Cou_1</attalias><attrtype Sync="TRUE">Integer</attrtype><attwidth Sync="TRUE">10</attwidth><atprecis Sync="TRUE">10</atprecis><attscale Sync="TRUE">0</attscale></attr><attr><attrlabl Sync="TRUE">TARGET_F_1</attrlabl><attalias Sync="TRUE">TARGET_F_1</attalias><attrtype Sync="TRUE">Integer</attrtype><attwidth Sync="TRUE">10</attwidth><atprecis Sync="TRUE">10</atprecis><attscale Sync="TRUE">0</attscale></attr><attr><attrlabl Sync="TRUE">Name</attrlabl><attalias Sync="TRUE">Name</attalias><attrtype Sync="TRUE">String</attrtype><attwidth Sync="TRUE">80</attwidth><atprecis Sync="TRUE">0</atprecis><attscale Sync="TRUE">0</attscale></attr><attr><attrlabl Sync="TRUE">Country</attrlabl><attalias Sync="TRUE">Country</attalias><attrtype Sync="TRUE">String</attrtype><attwidth Sync="TRUE">80</attwidth><atprecis Sync="TRUE">0</atprecis><attscale Sync="TRUE">0</attscale></attr><attr><attrlabl Sync="TRUE">Subregn</attrlabl><attalias Sync="TRUE">Subregn</attalias><attrtype Sync="TRUE">String</attrtype><attwidth Sync="TRUE">80</attwidth><atprecis Sync="TRUE">0</atprecis><attscale Sync="TRUE">0</attscale></attr><attr><attrlabl Sync="TRUE">100kmPp</attrlabl><attalias Sync="TRUE">100kmPp</attalias><attrtype Sync="TRUE">Double</attrtype><attwidth Sync="TRUE">19</attwidth><atprecis Sync="TRUE">18</atprecis><attscale Sync="TRUE">15</attscale></attr><attr><attrlabl Sync="TRUE">30kmPpl</attrlabl><attalias Sync="TRUE">30kmPpl</attalias><attrtype Sync="TRUE">Double</attrtype><attwidth Sync="TRUE">19</attwidth><atprecis Sync="TRUE">18</atprecis><attscale Sync="TRUE">15</attscale></attr><attr><attrlabl Sync="TRUE">10kmPpl</attrlabl><attalias Sync="TRUE">10kmPpl</attalias><attrtype Sync="TRUE">Double</attrtype><attwidth Sync="TRUE">19</attwidth><atprecis Sync="TRUE">18</atprecis><attscale Sync="TRUE">15</attscale></attr><attr><attrlabl Sync="TRUE">TtlPplt</attrlabl><attalias Sync="TRUE">TtlPplt</attalias><attrtype Sync="TRUE">Double</attrtype><attwidth Sync="TRUE">19</attwidth><atprecis Sync="TRUE">18</atprecis><attscale Sync="TRUE">15</attscale></attr><attr><attrlabl Sync="TRUE">Nrst_Vl</attrlabl><attalias Sync="TRUE">Nrst_Vl</attalias><attrtype Sync="TRUE">String</attrtype><attwidth Sync="TRUE">80</attwidth><atprecis Sync="TRUE">0</atprecis><attscale Sync="TRUE">0</attscale></attr><attr><attrlabl Sync="TRUE">Nr_V_D_</attrlabl><attalias Sync="TRUE">Nr_V_D_</attalias><attrtype Sync="TRUE">Double</attrtype><attwidth Sync="TRUE">19</attwidth><atprecis Sync="TRUE">18</atprecis><attscale Sync="TRUE">15</attscale></attr><attr><attrlabl Sync="TRUE">CONTINENT</attrlabl><attalias Sync="TRUE">CONTINENT</attalias><attrtype Sync="TRUE">String</attrtype><attwidth Sync="TRUE">23</attwidth><atprecis Sync="TRUE">0</atprecis><attscale Sync="TRUE">0</attscale></attr><attr><attrlabl Sync="TRUE">REGION_UN</attrlabl><attalias Sync="TRUE">REGION_UN</attalias><attrtype Sync="TRUE">String</attrtype><attwidth Sync="TRUE">10</attwidth><atprecis Sync="TRUE">0</atprecis><attscale Sync="TRUE">0</attscale></attr><attr><attrlabl Sync="TRUE">SUBREGION</attrlabl><attalias Sync="TRUE">SUBREGION</attalias><attrtype Sync="TRUE">String</attrtype><attwidth Sync="TRUE">25</attwidth><atprecis Sync="TRUE">0</atprecis><attscale Sync="TRUE">0</attscale></attr><attr><attrlabl Sync="TRUE">REGION_WB</attrlabl><attalias Sync="TRUE">REGION_WB</attalias><attrtype Sync="TRUE">String</attrtype><attwidth Sync="TRUE">26</attwidth><atprecis Sync="TRUE">0</atprecis><attscale Sync="TRUE">0</attscale></attr></detailed></eainfo><mdDateSt Sync="TRUE">20241129</mdDateSt></metadata>
