<?xml version="1.0" encoding="UTF-8"?>
<metadata xml:lang="en"><Esri><CreaDate>20241125</CreaDate><CreaTime>17390600</CreaTime><ArcGISFormat>1.0</ArcGISFormat><SyncOnce>FALSE</SyncOnce><DataProperties><itemProps><itemName Sync="TRUE">City_Polygons_Named</itemName><imsContentType Sync="TRUE">002</imsContentType><itemSize Sync="TRUE">0.000</itemSize><itemLocation><linkage Sync="TRUE">file://\\UT179138\C$\Users\MeredithES\OneDrive - University of Twente\Documents\Cities\R_Code_Cities\Github\Cities\Results\City_Polygons_Named.shp</linkage><protocol Sync="TRUE">Local Area Network</protocol></itemLocation></itemProps><coordRef><type Sync="TRUE">Projected</type><geogcsn Sync="TRUE">GCS_WGS_1984</geogcsn><csUnits Sync="TRUE">Linear Unit: Meter (1.000000)</csUnits><projcsn Sync="TRUE">World_Mollweide</projcsn><peXml Sync="TRUE">&lt;ProjectedCoordinateSystem xsi:type='typens:ProjectedCoordinateSystem' xmlns:xsi='http://www.w3.org/2001/XMLSchema-instance' xmlns:xs='http://www.w3.org/2001/XMLSchema' xmlns:typens='http://www.esri.com/schemas/ArcGIS/3.2.0'&gt;&lt;WKT&gt;PROJCS[&amp;quot;World_Mollweide&amp;quot;,GEOGCS[&amp;quot;GCS_WGS_1984&amp;quot;,DATUM[&amp;quot;D_WGS_1984&amp;quot;,SPHEROID[&amp;quot;WGS_1984&amp;quot;,6378137.0,298.257223563]],PRIMEM[&amp;quot;Greenwich&amp;quot;,0.0],UNIT[&amp;quot;Degree&amp;quot;,0.0174532925199433]],PROJECTION[&amp;quot;Mollweide&amp;quot;],PARAMETER[&amp;quot;False_Easting&amp;quot;,0.0],PARAMETER[&amp;quot;False_Northing&amp;quot;,0.0],PARAMETER[&amp;quot;Central_Meridian&amp;quot;,0.0],UNIT[&amp;quot;Meter&amp;quot;,1.0],AUTHORITY[&amp;quot;Esri&amp;quot;,54009]]&lt;/WKT&gt;&lt;XOrigin&gt;-18040200&lt;/XOrigin&gt;&lt;YOrigin&gt;-9020200&lt;/YOrigin&gt;&lt;XYScale&gt;249642444.5056316&lt;/XYScale&gt;&lt;ZOrigin&gt;-100000&lt;/ZOrigin&gt;&lt;ZScale&gt;10000&lt;/ZScale&gt;&lt;MOrigin&gt;-100000&lt;/MOrigin&gt;&lt;MScale&gt;10000&lt;/MScale&gt;&lt;XYTolerance&gt;0.001&lt;/XYTolerance&gt;&lt;ZTolerance&gt;0.001&lt;/ZTolerance&gt;&lt;MTolerance&gt;0.001&lt;/MTolerance&gt;&lt;HighPrecision&gt;true&lt;/HighPrecision&gt;&lt;WKID&gt;54009&lt;/WKID&gt;&lt;LatestWKID&gt;54009&lt;/LatestWKID&gt;&lt;/ProjectedCoordinateSystem&gt;</peXml></coordRef><lineage><Process ToolSource="c:\program files\arcgis\pro\Resources\ArcToolbox\toolboxes\Analysis Tools.tbx\SpatialJoin" Date="20241125" Time="173907">SpatialJoin 2020 ne_10m_admin_0_countries C:\Users\MeredithES\Documents\test2.shp "Join one to one" KEEP_ALL "Name "Name" true true false 80 Text 0 0,First,#,2020,Name,0,79;Country "Country" true true false 80 Text 0 0,First,#,2020,Country,0,79;Subregn "Subregn" true true false 80 Text 0 0,First,#,2020,Subregn,0,79;100kmPp "100kmPp" true true false 24 Double 15 23,First,#,2020,100kmPp,-1,-1;30kmPpl "30kmPpl" true true false 24 Double 15 23,First,#,2020,30kmPpl,-1,-1;10kmPpl "10kmPpl" true true false 24 Double 15 23,First,#,2020,10kmPpl,-1,-1;TtlPplt "TtlPplt" true true false 24 Double 15 23,First,#,2020,TtlPplt,-1,-1;Nrst_Vl "Nrst_Vl" true true false 80 Text 0 0,First,#,2020,Nrst_Vl,0,79;Nr_V_D_ "Nr_V_D_" true true false 24 Double 15 23,First,#,2020,Nr_V_D_,-1,-1;featurecla "featurecla" true true false 15 Text 0 0,First,#,ne_10m_admin_0_countries,featurecla,0,14;scalerank "scalerank" true true false 1 Short 0 1,First,#,ne_10m_admin_0_countries,scalerank,-1,-1;LABELRANK "LABELRANK" true true false 2 Short 0 2,First,#,ne_10m_admin_0_countries,LABELRANK,-1,-1;SOVEREIGNT "SOVEREIGNT" true true false 32 Text 0 0,First,#,ne_10m_admin_0_countries,SOVEREIGNT,0,31;SOV_A3 "SOV_A3" true true false 3 Text 0 0,First,#,ne_10m_admin_0_countries,SOV_A3,0,2;ADM0_DIF "ADM0_DIF" true true false 1 Short 0 1,First,#,ne_10m_admin_0_countries,ADM0_DIF,-1,-1;LEVEL "LEVEL" true true false 1 Short 0 1,First,#,ne_10m_admin_0_countries,LEVEL,-1,-1;TYPE "TYPE" true true false 17 Text 0 0,First,#,ne_10m_admin_0_countries,TYPE,0,16;TLC "TLC" true true false 1 Text 0 0,First,#,ne_10m_admin_0_countries,TLC,0,254;ADMIN "ADMIN" true true false 36 Text 0 0,First,#,ne_10m_admin_0_countries,ADMIN,0,35;ADM0_A3 "ADM0_A3" true true false 3 Text 0 0,First,#,ne_10m_admin_0_countries,ADM0_A3,0,2;GEOU_DIF "GEOU_DIF" true true false 1 Short 0 1,First,#,ne_10m_admin_0_countries,GEOU_DIF,-1,-1;GEOUNIT "GEOUNIT" true true false 36 Text 0 0,First,#,ne_10m_admin_0_countries,GEOUNIT,0,35;GU_A3 "GU_A3" true true false 3 Text 0 0,First,#,ne_10m_admin_0_countries,GU_A3,0,2;SU_DIF "SU_DIF" true true false 1 Short 0 1,First,#,ne_10m_admin_0_countries,SU_DIF,-1,-1;SUBUNIT "SUBUNIT" true true false 36 Text 0 0,First,#,ne_10m_admin_0_countries,SUBUNIT,0,35;SU_A3 "SU_A3" true true false 3 Text 0 0,First,#,ne_10m_admin_0_countries,SU_A3,0,2;BRK_DIFF "BRK_DIFF" true true false 1 Short 0 1,First,#,ne_10m_admin_0_countries,BRK_DIFF,-1,-1;NAME_1 "NAME" true true false 29 Text 0 0,First,#,ne_10m_admin_0_countries,NAME,0,28;NAME_LONG "NAME_LONG" true true false 36 Text 0 0,First,#,ne_10m_admin_0_countries,NAME_LONG,0,35;BRK_A3 "BRK_A3" true true false 3 Text 0 0,First,#,ne_10m_admin_0_countries,BRK_A3,0,2;BRK_NAME "BRK_NAME" true true false 32 Text 0 0,First,#,ne_10m_admin_0_countries,BRK_NAME,0,31;BRK_GROUP "BRK_GROUP" true true false 17 Text 0 0,First,#,ne_10m_admin_0_countries,BRK_GROUP,0,16;ABBREV "ABBREV" true true false 16 Text 0 0,First,#,ne_10m_admin_0_countries,ABBREV,0,15;POSTAL "POSTAL" true true false 4 Text 0 0,First,#,ne_10m_admin_0_countries,POSTAL,0,3;FORMAL_EN "FORMAL_EN" true true false 52 Text 0 0,First,#,ne_10m_admin_0_countries,FORMAL_EN,0,51;FORMAL_FR "FORMAL_FR" true true false 35 Text 0 0,First,#,ne_10m_admin_0_countries,FORMAL_FR,0,34;NAME_CIAWF "NAME_CIAWF" true true false 45 Text 0 0,First,#,ne_10m_admin_0_countries,NAME_CIAWF,0,44;NOTE_ADM0 "NOTE_ADM0" true true false 16 Text 0 0,First,#,ne_10m_admin_0_countries,NOTE_ADM0,0,15;NOTE_BRK "NOTE_BRK" true true false 63 Text 0 0,First,#,ne_10m_admin_0_countries,NOTE_BRK,0,62;NAME_SORT "NAME_SORT" true true false 36 Text 0 0,First,#,ne_10m_admin_0_countries,NAME_SORT,0,35;NAME_ALT "NAME_ALT" true true false 19 Text 0 0,First,#,ne_10m_admin_0_countries,NAME_ALT,0,18;MAPCOLOR7 "MAPCOLOR7" true true false 1 Short 0 1,First,#,ne_10m_admin_0_countries,MAPCOLOR7,-1,-1;MAPCOLOR8 "MAPCOLOR8" true true false 1 Short 0 1,First,#,ne_10m_admin_0_countries,MAPCOLOR8,-1,-1;MAPCOLOR9 "MAPCOLOR9" true true false 1 Short 0 1,First,#,ne_10m_admin_0_countries,MAPCOLOR9,-1,-1;MAPCOLOR13 "MAPCOLOR13" true true false 3 Short 0 3,First,#,ne_10m_admin_0_countries,MAPCOLOR13,-1,-1;POP_EST "POP_EST" true true false 12 Double 1 11,First,#,ne_10m_admin_0_countries,POP_EST,-1,-1;POP_RANK "POP_RANK" true true false 2 Short 0 2,First,#,ne_10m_admin_0_countries,POP_RANK,-1,-1;POP_YEAR "POP_YEAR" true true false 4 Short 0 4,First,#,ne_10m_admin_0_countries,POP_YEAR,-1,-1;GDP_MD "GDP_MD" true true false 8 Long 0 8,First,#,ne_10m_admin_0_countries,GDP_MD,-1,-1;GDP_YEAR "GDP_YEAR" true true false 4 Short 0 4,First,#,ne_10m_admin_0_countries,GDP_YEAR,-1,-1;ECONOMY "ECONOMY" true true false 26 Text 0 0,First,#,ne_10m_admin_0_countries,ECONOMY,0,25;INCOME_GRP "INCOME_GRP" true true false 23 Text 0 0,First,#,ne_10m_admin_0_countries,INCOME_GRP,0,22;FIPS_10 "FIPS_10" true true false 3 Text 0 0,First,#,ne_10m_admin_0_countries,FIPS_10,0,2;ISO_A2 "ISO_A2" true true false 5 Text 0 0,First,#,ne_10m_admin_0_countries,ISO_A2,0,4;ISO_A2_EH "ISO_A2_EH" true true false 3 Text 0 0,First,#,ne_10m_admin_0_countries,ISO_A2_EH,0,2;ISO_A3 "ISO_A3" true true false 3 Text 0 0,First,#,ne_10m_admin_0_countries,ISO_A3,0,2;ISO_A3_EH "ISO_A3_EH" true true false 3 Text 0 0,First,#,ne_10m_admin_0_countries,ISO_A3_EH,0,2;ISO_N3 "ISO_N3" true true false 3 Text 0 0,First,#,ne_10m_admin_0_countries,ISO_N3,0,2;ISO_N3_EH "ISO_N3_EH" true true false 3 Text 0 0,First,#,ne_10m_admin_0_countries,ISO_N3_EH,0,2;UN_A3 "UN_A3" true true false 4 Text 0 0,First,#,ne_10m_admin_0_countries,UN_A3,0,3;WB_A2 "WB_A2" true true false 3 Text 0 0,First,#,ne_10m_admin_0_countries,WB_A2,0,2;WB_A3 "WB_A3" true true false 3 Text 0 0,First,#,ne_10m_admin_0_countries,WB_A3,0,2;WOE_ID "WOE_ID" true true false 8 Long 0 8,First,#,ne_10m_admin_0_countries,WOE_ID,-1,-1;WOE_ID_EH "WOE_ID_EH" true true false 8 Long 0 8,First,#,ne_10m_admin_0_countries,WOE_ID_EH,-1,-1;WOE_NOTE "WOE_NOTE" true true false 167 Text 0 0,First,#,ne_10m_admin_0_countries,WOE_NOTE,0,166;ADM0_ISO "ADM0_ISO" true true false 3 Text 0 0,First,#,ne_10m_admin_0_countries,ADM0_ISO,0,2;ADM0_DIFF "ADM0_DIFF" true true false 1 Text 0 0,First,#,ne_10m_admin_0_countries,ADM0_DIFF,0,254;ADM0_TLC "ADM0_TLC" true true false 3 Text 0 0,First,#,ne_10m_admin_0_countries,ADM0_TLC,0,2;ADM0_A3_US "ADM0_A3_US" true true false 3 Text 0 0,First,#,ne_10m_admin_0_countries,ADM0_A3_US,0,2;ADM0_A3_FR "ADM0_A3_FR" true true false 3 Text 0 0,First,#,ne_10m_admin_0_countries,ADM0_A3_FR,0,2;ADM0_A3_RU "ADM0_A3_RU" true true false 3 Text 0 0,First,#,ne_10m_admin_0_countries,ADM0_A3_RU,0,2;ADM0_A3_ES "ADM0_A3_ES" true true false 3 Text 0 0,First,#,ne_10m_admin_0_countries,ADM0_A3_ES,0,2;ADM0_A3_CN "ADM0_A3_CN" true true false 3 Text 0 0,First,#,ne_10m_admin_0_countries,ADM0_A3_CN,0,2;ADM0_A3_TW "ADM0_A3_TW" true true false 3 Text 0 0,First,#,ne_10m_admin_0_countries,ADM0_A3_TW,0,2;ADM0_A3_IN "ADM0_A3_IN" true true false 3 Text 0 0,First,#,ne_10m_admin_0_countries,ADM0_A3_IN,0,2;ADM0_A3_NP "ADM0_A3_NP" true true false 3 Text 0 0,First,#,ne_10m_admin_0_countries,ADM0_A3_NP,0,2;ADM0_A3_PK "ADM0_A3_PK" true true false 3 Text 0 0,First,#,ne_10m_admin_0_countries,ADM0_A3_PK,0,2;ADM0_A3_DE "ADM0_A3_DE" true true false 3 Text 0 0,First,#,ne_10m_admin_0_countries,ADM0_A3_DE,0,2;ADM0_A3_GB "ADM0_A3_GB" true true false 3 Text 0 0,First,#,ne_10m_admin_0_countries,ADM0_A3_GB,0,2;ADM0_A3_BR "ADM0_A3_BR" true true false 3 Text 0 0,First,#,ne_10m_admin_0_countries,ADM0_A3_BR,0,2;ADM0_A3_IL "ADM0_A3_IL" true true false 3 Text 0 0,First,#,ne_10m_admin_0_countries,ADM0_A3_IL,0,2;ADM0_A3_PS "ADM0_A3_PS" true true false 3 Text 0 0,First,#,ne_10m_admin_0_countries,ADM0_A3_PS,0,2;ADM0_A3_SA "ADM0_A3_SA" true true false 3 Text 0 0,First,#,ne_10m_admin_0_countries,ADM0_A3_SA,0,2;ADM0_A3_EG "ADM0_A3_EG" true true false 3 Text 0 0,First,#,ne_10m_admin_0_countries,ADM0_A3_EG,0,2;ADM0_A3_MA "ADM0_A3_MA" true true false 3 Text 0 0,First,#,ne_10m_admin_0_countries,ADM0_A3_MA,0,2;ADM0_A3_PT "ADM0_A3_PT" true true false 3 Text 0 0,First,#,ne_10m_admin_0_countries,ADM0_A3_PT,0,2;ADM0_A3_AR "ADM0_A3_AR" true true false 3 Text 0 0,First,#,ne_10m_admin_0_countries,ADM0_A3_AR,0,2;ADM0_A3_JP "ADM0_A3_JP" true true false 3 Text 0 0,First,#,ne_10m_admin_0_countries,ADM0_A3_JP,0,2;ADM0_A3_KO "ADM0_A3_KO" true true false 3 Text 0 0,First,#,ne_10m_admin_0_countries,ADM0_A3_KO,0,2;ADM0_A3_VN "ADM0_A3_VN" true true false 3 Text 0 0,First,#,ne_10m_admin_0_countries,ADM0_A3_VN,0,2;ADM0_A3_TR "ADM0_A3_TR" true true false 3 Text 0 0,First,#,ne_10m_admin_0_countries,ADM0_A3_TR,0,2;ADM0_A3_ID "ADM0_A3_ID" true true false 3 Text 0 0,First,#,ne_10m_admin_0_countries,ADM0_A3_ID,0,2;ADM0_A3_PL "ADM0_A3_PL" true true false 3 Text 0 0,First,#,ne_10m_admin_0_countries,ADM0_A3_PL,0,2;ADM0_A3_GR "ADM0_A3_GR" true true false 3 Text 0 0,First,#,ne_10m_admin_0_countries,ADM0_A3_GR,0,2;ADM0_A3_IT "ADM0_A3_IT" true true false 3 Text 0 0,First,#,ne_10m_admin_0_countries,ADM0_A3_IT,0,2;ADM0_A3_NL "ADM0_A3_NL" true true false 3 Text 0 0,First,#,ne_10m_admin_0_countries,ADM0_A3_NL,0,2;ADM0_A3_SE "ADM0_A3_SE" true true false 3 Text 0 0,First,#,ne_10m_admin_0_countries,ADM0_A3_SE,0,2;ADM0_A3_BD "ADM0_A3_BD" true true false 3 Text 0 0,First,#,ne_10m_admin_0_countries,ADM0_A3_BD,0,2;ADM0_A3_UA "ADM0_A3_UA" true true false 3 Text 0 0,First,#,ne_10m_admin_0_countries,ADM0_A3_UA,0,2;ADM0_A3_UN "ADM0_A3_UN" true true false 3 Short 0 3,First,#,ne_10m_admin_0_countries,ADM0_A3_UN,-1,-1;ADM0_A3_WB "ADM0_A3_WB" true true false 3 Short 0 3,First,#,ne_10m_admin_0_countries,ADM0_A3_WB,-1,-1;CONTINENT "CONTINENT" true true false 23 Text 0 0,First,#,ne_10m_admin_0_countries,CONTINENT,0,22;REGION_UN "REGION_UN" true true false 10 Text 0 0,First,#,ne_10m_admin_0_countries,REGION_UN,0,9;SUBREGION "SUBREGION" true true false 25 Text 0 0,First,#,ne_10m_admin_0_countries,SUBREGION,0,24;REGION_WB "REGION_WB" true true false 26 Text 0 0,First,#,ne_10m_admin_0_countries,REGION_WB,0,25;NAME_LEN "NAME_LEN" true true false 2 Short 0 2,First,#,ne_10m_admin_0_countries,NAME_LEN,-1,-1;LONG_LEN "LONG_LEN" true true false 2 Short 0 2,First,#,ne_10m_admin_0_countries,LONG_LEN,-1,-1;ABBREV_LEN "ABBREV_LEN" true true false 2 Short 0 2,First,#,ne_10m_admin_0_countries,ABBREV_LEN,-1,-1;TINY "TINY" true true false 3 Short 0 3,First,#,ne_10m_admin_0_countries,TINY,-1,-1;HOMEPART "HOMEPART" true true false 3 Short 0 3,First,#,ne_10m_admin_0_countries,HOMEPART,-1,-1;MIN_ZOOM "MIN_ZOOM" true true false 3 Float 1 2,First,#,ne_10m_admin_0_countries,MIN_ZOOM,-1,-1;MIN_LABEL "MIN_LABEL" true true false 3 Float 1 2,First,#,ne_10m_admin_0_countries,MIN_LABEL,-1,-1;MAX_LABEL "MAX_LABEL" true true false 4 Float 1 3,First,#,ne_10m_admin_0_countries,MAX_LABEL,-1,-1;LABEL_X "LABEL_X" true true false 11 Double 6 10,First,#,ne_10m_admin_0_countries,LABEL_X,-1,-1;LABEL_Y "LABEL_Y" true true false 10 Double 6 9,First,#,ne_10m_admin_0_countries,LABEL_Y,-1,-1;NE_ID "NE_ID" true true false 10 Long 0 10,First,#,ne_10m_admin_0_countries,NE_ID,-1,-1;WIKIDATAID "WIKIDATAID" true true false 8 Text 0 0,First,#,ne_10m_admin_0_countries,WIKIDATAID,0,7;NAME_AR "NAME_AR" true true false 72 Text 0 0,First,#,ne_10m_admin_0_countries,NAME_AR,0,71;NAME_BN "NAME_BN" true true false 148 Text 0 0,First,#,ne_10m_admin_0_countries,NAME_BN,0,147;NAME_DE "NAME_DE" true true false 46 Text 0 0,First,#,ne_10m_admin_0_countries,NAME_DE,0,45;NAME_EN "NAME_EN" true true false 44 Text 0 0,First,#,ne_10m_admin_0_countries,NAME_EN,0,43;NAME_ES "NAME_ES" true true false 44 Text 0 0,First,#,ne_10m_admin_0_countries,NAME_ES,0,43;NAME_FA "NAME_FA" true true false 66 Text 0 0,First,#,ne_10m_admin_0_countries,NAME_FA,0,65;NAME_FR "NAME_FR" true true false 54 Text 0 0,First,#,ne_10m_admin_0_countries,NAME_FR,0,53;NAME_EL "NAME_EL" true true false 86 Text 0 0,First,#,ne_10m_admin_0_countries,NAME_EL,0,85;NAME_HE "NAME_HE" true true false 78 Text 0 0,First,#,ne_10m_admin_0_countries,NAME_HE,0,77;NAME_HI "NAME_HI" true true false 126 Text 0 0,First,#,ne_10m_admin_0_countries,NAME_HI,0,125;NAME_HU "NAME_HU" true true false 52 Text 0 0,First,#,ne_10m_admin_0_countries,NAME_HU,0,51;NAME_ID "NAME_ID" true true false 46 Text 0 0,First,#,ne_10m_admin_0_countries,NAME_ID,0,45;NAME_IT "NAME_IT" true true false 48 Text 0 0,First,#,ne_10m_admin_0_countries,NAME_IT,0,47;NAME_JA "NAME_JA" true true false 63 Text 0 0,First,#,ne_10m_admin_0_countries,NAME_JA,0,62;NAME_KO "NAME_KO" true true false 47 Text 0 0,First,#,ne_10m_admin_0_countries,NAME_KO,0,46;NAME_NL "NAME_NL" true true false 49 Text 0 0,First,#,ne_10m_admin_0_countries,NAME_NL,0,48;NAME_PL "NAME_PL" true true false 47 Text 0 0,First,#,ne_10m_admin_0_countries,NAME_PL,0,46;NAME_PT "NAME_PT" true true false 43 Text 0 0,First,#,ne_10m_admin_0_countries,NAME_PT,0,42;NAME_RU "NAME_RU" true true false 86 Text 0 0,First,#,ne_10m_admin_0_countries,NAME_RU,0,85;NAME_SV "NAME_SV" true true false 57 Text 0 0,First,#,ne_10m_admin_0_countries,NAME_SV,0,56;NAME_TR "NAME_TR" true true false 42 Text 0 0,First,#,ne_10m_admin_0_countries,NAME_TR,0,41;NAME_UK "NAME_UK" true true false 91 Text 0 0,First,#,ne_10m_admin_0_countries,NAME_UK,0,90;NAME_UR "NAME_UR" true true false 67 Text 0 0,First,#,ne_10m_admin_0_countries,NAME_UR,0,66;NAME_VI "NAME_VI" true true false 56 Text 0 0,First,#,ne_10m_admin_0_countries,NAME_VI,0,55;NAME_ZH "NAME_ZH" true true false 33 Text 0 0,First,#,ne_10m_admin_0_countries,NAME_ZH,0,32;NAME_ZHT "NAME_ZHT" true true false 33 Text 0 0,First,#,ne_10m_admin_0_countries,NAME_ZHT,0,32;FCLASS_ISO "FCLASS_ISO" true true false 24 Text 0 0,First,#,ne_10m_admin_0_countries,FCLASS_ISO,0,23;TLC_DIFF "TLC_DIFF" true true false 1 Text 0 0,First,#,ne_10m_admin_0_countries,TLC_DIFF,0,254;FCLASS_TLC "FCLASS_TLC" true true false 21 Text 0 0,First,#,ne_10m_admin_0_countries,FCLASS_TLC,0,20;FCLASS_US "FCLASS_US" true true false 30 Text 0 0,First,#,ne_10m_admin_0_countries,FCLASS_US,0,29;FCLASS_FR "FCLASS_FR" true true false 18 Text 0 0,First,#,ne_10m_admin_0_countries,FCLASS_FR,0,17;FCLASS_RU "FCLASS_RU" true true false 14 Text 0 0,First,#,ne_10m_admin_0_countries,FCLASS_RU,0,13;FCLASS_ES "FCLASS_ES" true true false 18 Text 0 0,First,#,ne_10m_admin_0_countries,FCLASS_ES,0,17;FCLASS_CN "FCLASS_CN" true true false 24 Text 0 0,First,#,ne_10m_admin_0_countries,FCLASS_CN,0,23;FCLASS_TW "FCLASS_TW" true true false 15 Text 0 0,First,#,ne_10m_admin_0_countries,FCLASS_TW,0,14;FCLASS_IN "FCLASS_IN" true true false 14 Text 0 0,First,#,ne_10m_admin_0_countries,FCLASS_IN,0,13;FCLASS_NP "FCLASS_NP" true true false 24 Text 0 0,First,#,ne_10m_admin_0_countries,FCLASS_NP,0,23;FCLASS_PK "FCLASS_PK" true true false 15 Text 0 0,First,#,ne_10m_admin_0_countries,FCLASS_PK,0,14;FCLASS_DE "FCLASS_DE" true true false 18 Text 0 0,First,#,ne_10m_admin_0_countries,FCLASS_DE,0,17;FCLASS_GB "FCLASS_GB" true true false 18 Text 0 0,First,#,ne_10m_admin_0_countries,FCLASS_GB,0,17;FCLASS_BR "FCLASS_BR" true true false 12 Text 0 0,First,#,ne_10m_admin_0_countries,FCLASS_BR,0,11;FCLASS_IL "FCLASS_IL" true true false 15 Text 0 0,First,#,ne_10m_admin_0_countries,FCLASS_IL,0,14;FCLASS_PS "FCLASS_PS" true true false 15 Text 0 0,First,#,ne_10m_admin_0_countries,FCLASS_PS,0,14;FCLASS_SA "FCLASS_SA" true true false 15 Text 0 0,First,#,ne_10m_admin_0_countries,FCLASS_SA,0,14;FCLASS_EG "FCLASS_EG" true true false 24 Text 0 0,First,#,ne_10m_admin_0_countries,FCLASS_EG,0,23;FCLASS_MA "FCLASS_MA" true true false 24 Text 0 0,First,#,ne_10m_admin_0_countries,FCLASS_MA,0,23;FCLASS_PT "FCLASS_PT" true true false 18 Text 0 0,First,#,ne_10m_admin_0_countries,FCLASS_PT,0,17;FCLASS_AR "FCLASS_AR" true true false 12 Text 0 0,First,#,ne_10m_admin_0_countries,FCLASS_AR,0,11;FCLASS_JP "FCLASS_JP" true true false 18 Text 0 0,First,#,ne_10m_admin_0_countries,FCLASS_JP,0,17;FCLASS_KO "FCLASS_KO" true true false 18 Text 0 0,First,#,ne_10m_admin_0_countries,FCLASS_KO,0,17;FCLASS_VN "FCLASS_VN" true true false 12 Text 0 0,First,#,ne_10m_admin_0_countries,FCLASS_VN,0,11;FCLASS_TR "FCLASS_TR" true true false 18 Text 0 0,First,#,ne_10m_admin_0_countries,FCLASS_TR,0,17;FCLASS_ID "FCLASS_ID" true true false 24 Text 0 0,First,#,ne_10m_admin_0_countries,FCLASS_ID,0,23;FCLASS_PL "FCLASS_PL" true true false 18 Text 0 0,First,#,ne_10m_admin_0_countries,FCLASS_PL,0,17;FCLASS_GR "FCLASS_GR" true true false 18 Text 0 0,First,#,ne_10m_admin_0_countries,FCLASS_GR,0,17;FCLASS_IT "FCLASS_IT" true true false 18 Text 0 0,First,#,ne_10m_admin_0_countries,FCLASS_IT,0,17;FCLASS_NL "FCLASS_NL" true true false 18 Text 0 0,First,#,ne_10m_admin_0_countries,FCLASS_NL,0,17;FCLASS_SE "FCLASS_SE" true true false 18 Text 0 0,First,#,ne_10m_admin_0_countries,FCLASS_SE,0,17;FCLASS_BD "FCLASS_BD" true true false 24 Text 0 0,First,#,ne_10m_admin_0_countries,FCLASS_BD,0,23;FCLASS_UA "FCLASS_UA" true true false 18 Text 0 0,First,#,ne_10m_admin_0_countries,FCLASS_UA,0,17" Intersect # # #</Process><Process ToolSource="c:\program files\arcgis\pro\Resources\ArcToolbox\toolboxes\Data Management Tools.tbx\DeleteField" Date="20241125" Time="173940">DeleteField test2 NAME_LEN;LONG_LEN;ABBREV_LEN;TINY;HOMEPART;MIN_ZOOM;MIN_LABEL;MAX_LABEL;LABEL_X;LABEL_Y;NE_ID;WIKIDATAID;NAME_AR;NAME_BN;NAME_DE;NAME_EN;NAME_ES;NAME_FA;NAME_FR;NAME_EL;NAME_HE;NAME_HI;NAME_HU;NAME_ID;NAME_IT;NAME_JA;NAME_KO;NAME_NL;NAME_PL;NAME_PT;NAME_RU;NAME_SV;NAME_TR;NAME_UK;NAME_UR;NAME_VI;NAME_ZH;NAME_ZHT;FCLASS_ISO;TLC_DIFF;FCLASS_TLC;FCLASS_US;FCLASS_FR;FCLASS_RU;FCLASS_ES;FCLASS_CN;FCLASS_TW;FCLASS_IN;FCLASS_NP;FCLASS_PK;FCLASS_DE;FCLASS_GB;FCLASS_BR;FCLASS_IL;FCLASS_PS;FCLASS_SA;FCLASS_EG;FCLASS_MA;FCLASS_PT;FCLASS_AR;FCLASS_JP;FCLASS_KO;FCLASS_VN;FCLASS_TR;FCLASS_ID;FCLASS_PL;FCLASS_GR;FCLASS_IT;FCLASS_NL;FCLASS_SE;FCLASS_BD;FCLASS_UA "Delete Fields"</Process><Process ToolSource="c:\program files\arcgis\pro\Resources\ArcToolbox\toolboxes\Data Management Tools.tbx\DeleteField" Date="20241125" Time="174012">DeleteField test2 featurecla;scalerank;LABELRANK;SOVEREIGNT;SOV_A3;ADM0_DIF;LEVEL;TYPE;TLC;ADMIN;ADM0_A3;GEOU_DIF;GEOUNIT;GU_A3;SU_DIF;SUBUNIT;SU_A3;BRK_DIFF;NAME_1;NAME_LONG;BRK_A3;BRK_NAME;BRK_GROUP;ABBREV;POSTAL;FORMAL_EN;FORMAL_FR;NAME_CIAWF;NOTE_ADM0;NOTE_BRK;NAME_SORT;NAME_ALT;MAPCOLOR7;MAPCOLOR8;MAPCOLOR9;MAPCOLOR13;POP_EST;POP_RANK;POP_YEAR;GDP_MD;GDP_YEAR;ECONOMY;INCOME_GRP;FIPS_10;ISO_A2;ISO_A2_EH;ISO_A3;ISO_A3_EH;ISO_N3;ISO_N3_EH;UN_A3;WB_A2;WB_A3;WOE_ID;WOE_ID_EH;WOE_NOTE;ADM0_ISO;ADM0_DIFF;ADM0_TLC;ADM0_A3_US;ADM0_A3_FR;ADM0_A3_RU;ADM0_A3_ES;ADM0_A3_CN;ADM0_A3_TW;ADM0_A3_IN;ADM0_A3_NP;ADM0_A3_PK;ADM0_A3_DE;ADM0_A3_GB;ADM0_A3_BR;ADM0_A3_IL;ADM0_A3_PS;ADM0_A3_SA;ADM0_A3_EG;ADM0_A3_MA;ADM0_A3_PT;ADM0_A3_AR;ADM0_A3_JP;ADM0_A3_KO;ADM0_A3_VN;ADM0_A3_TR;ADM0_A3_ID;ADM0_A3_PL;ADM0_A3_GR;ADM0_A3_IT;ADM0_A3_NL;ADM0_A3_SE;ADM0_A3_BD;ADM0_A3_UA;ADM0_A3_UN;ADM0_A3_WB "Delete Fields"</Process><Process ToolSource="c:\program files\arcgis\pro\Resources\ArcToolbox\toolboxes\Conversion Tools.tbx\ExportFeatures" Date="20241125" Time="174234">ExportFeatures test2 "C:\Users\MeredithES\OneDrive - University of Twente\Documents\Cities\R_Code_Cities\Cities\Results\2020_2.shp" # NOT_USE_ALIAS "Join_Count "Join_Count" true true false 10 Long 0 10,First,#,test2,Join_Count,-1,-1;TARGET_FID "TARGET_FID" true true false 10 Long 0 10,First,#,test2,TARGET_FID,-1,-1;Name "Name" true true false 80 Text 0 0,First,#,test2,Name,0,79;Country "Country" true true false 80 Text 0 0,First,#,test2,Country,0,79;Subregn "Subregn" true true false 80 Text 0 0,First,#,test2,Subregn,0,79;100kmPp "100kmPp" true true false 19 Double 15 18,First,#,test2,100kmPp,-1,-1;30kmPpl "30kmPpl" true true false 19 Double 15 18,First,#,test2,30kmPpl,-1,-1;10kmPpl "10kmPpl" true true false 19 Double 15 18,First,#,test2,10kmPpl,-1,-1;TtlPplt "TtlPplt" true true false 19 Double 15 18,First,#,test2,TtlPplt,-1,-1;Nrst_Vl "Nrst_Vl" true true false 80 Text 0 0,First,#,test2,Nrst_Vl,0,79;Nr_V_D_ "Nr_V_D_" true true false 19 Double 15 18,First,#,test2,Nr_V_D_,-1,-1;CONTINENT "CONTINENT" true true false 23 Text 0 0,First,#,test2,CONTINENT,0,22;REGION_UN "REGION_UN" true true false 10 Text 0 0,First,#,test2,REGION_UN,0,9;SUBREGION "SUBREGION" true true false 25 Text 0 0,First,#,test2,SUBREGION,0,24;REGION_WB "REGION_WB" true true false 26 Text 0 0,First,#,test2,REGION_WB,0,25" #</Process><Process ToolSource="c:\program files\arcgis\pro\Resources\ArcToolbox\toolboxes\Data Management Tools.tbx\DeleteField" Date="20241201" Time="121834">DeleteField 2020_2 Join_Count;TARGET_FID "Delete Fields"</Process><Process ToolSource="c:\program files\arcgis\pro\Resources\ArcToolbox\toolboxes\Data Management Tools.tbx\DeleteField" Date="20241201" Time="121911">DeleteField 2020_2 Subregn;100kmPp;30kmPpl;10kmPpl;TtlPplt;Nrst_Vl;Nr_V_D_ "Delete Fields"</Process><Process ToolSource="c:\program files\arcgis\pro\Resources\ArcToolbox\toolboxes\Data Management Tools.tbx\DeleteField" Date="20241201" Time="122108">DeleteField 2020_2 REGION_UN "Delete Fields"</Process><Process ToolSource="c:\program files\arcgis\pro\Resources\ArcToolbox\toolboxes\Data Management Tools.tbx\DeleteField" Date="20241201" Time="122129">DeleteField 2020_2 REGION_WB "Delete Fields"</Process><Process ToolSource="c:\program files\arcgis\pro\Resources\ArcToolbox\toolboxes\Data Management Tools.tbx\UpdateSchema" Date="20241201" Time="122301">UpdateSchema "CIMDATA=&lt;CIMStandardDataConnection xsi:type='typens:CIMStandardDataConnection' xmlns:xsi='http://www.w3.org/2001/XMLSchema-instance' xmlns:xs='http://www.w3.org/2001/XMLSchema' xmlns:typens='http://www.esri.com/schemas/ArcGIS/3.2.0'&gt;&lt;WorkspaceConnectionString&gt;DATABASE=C:\Users\MeredithES\OneDrive - University of Twente\Documents\Cities\R_Code_Cities\Cities\Results&lt;/WorkspaceConnectionString&gt;&lt;WorkspaceFactory&gt;Shapefile&lt;/WorkspaceFactory&gt;&lt;Dataset&gt;2020_2.shp&lt;/Dataset&gt;&lt;DatasetType&gt;esriDTFeatureClass&lt;/DatasetType&gt;&lt;/CIMStandardDataConnection&gt;" &lt;operationSequence&gt;&lt;workflow&gt;&lt;AddField&gt;&lt;field_name&gt;Field&lt;/field_name&gt;&lt;field_type&gt;LONG&lt;/field_type&gt;&lt;field_is_nullable&gt;False&lt;/field_is_nullable&gt;&lt;field_is_required&gt;False&lt;/field_is_required&gt;&lt;/AddField&gt;&lt;/workflow&gt;&lt;/operationSequence&gt;</Process><Process ToolSource="c:\program files\arcgis\pro\Resources\ArcToolbox\toolboxes\Conversion Tools.tbx\ExportFeatures" Date="20241201" Time="124138">ExportFeatures 2020_2 "C:\Users\MeredithES\OneDrive - University of Twente\Documents\Cities\R_Code_Cities\Github\Cities\Results\City_Polygons_Named.shp" # NOT_USE_ALIAS "Name "Name" true true false 80 Text 0 0,First,#,2020_2,Name,0,79;Country "Country" true true false 80 Text 0 0,First,#,2020_2,Country,0,79;CONTINENT "CONTINENT" true true false 23 Text 0 0,First,#,2020_2,CONTINENT,0,22;SUBREGION "SUBREGION" true true false 25 Text 0 0,First,#,2020_2,SUBREGION,0,24" #</Process></lineage></DataProperties><SyncDate>20241201</SyncDate><SyncTime>12413700</SyncTime><ModDate>20241201</ModDate><ModTime>12413700</ModTime></Esri><dataIdInfo><envirDesc Sync="TRUE">Microsoft Windows 10 Version 10.0 (Build 22631) ; Esri ArcGIS 13.2.2.49743</envirDesc><dataLang><languageCode value="eng" Sync="TRUE"></languageCode><countryCode value="USA" Sync="TRUE"></countryCode></dataLang><idCitation><resTitle Sync="TRUE">City_Polygons_Named</resTitle><presForm><PresFormCd value="005" Sync="TRUE"></PresFormCd></presForm></idCitation><spatRpType><SpatRepTypCd value="001" Sync="TRUE"></SpatRepTypCd></spatRpType></dataIdInfo><mdLang><languageCode value="eng" Sync="TRUE"></languageCode><countryCode value="USA" Sync="TRUE"></countryCode></mdLang><mdChar><CharSetCd value="004" Sync="TRUE"></CharSetCd></mdChar><distInfo><distFormat><formatName Sync="TRUE">Shapefile</formatName></distFormat><distTranOps><transSize Sync="TRUE">0.000</transSize></distTranOps></distInfo><mdHrLv><ScopeCd value="005" Sync="TRUE"></ScopeCd></mdHrLv><mdHrLvName Sync="TRUE">dataset</mdHrLvName><refSysInfo><RefSystem><refSysID><identCode code="54009" Sync="TRUE"></identCode><idCodeSpace Sync="TRUE">Esri</idCodeSpace><idVersion Sync="TRUE">3.0.1</idVersion></refSysID></RefSystem></refSysInfo><spatRepInfo><VectSpatRep><geometObjs Name="City_Polygons_Named"><geoObjTyp><GeoObjTypCd value="002" Sync="TRUE"></GeoObjTypCd></geoObjTyp><geoObjCnt Sync="TRUE">0</geoObjCnt></geometObjs><topLvl><TopoLevCd value="001" Sync="TRUE"></TopoLevCd></topLvl></VectSpatRep></spatRepInfo><spdoinfo><ptvctinf><esriterm Name="City_Polygons_Named"><efeatyp Sync="TRUE">Simple</efeatyp><efeageom code="4" Sync="TRUE"></efeageom><esritopo Sync="TRUE">FALSE</esritopo><efeacnt Sync="TRUE">0</efeacnt><spindex Sync="TRUE">FALSE</spindex><linrefer Sync="TRUE">FALSE</linrefer></esriterm></ptvctinf></spdoinfo><eainfo><detailed Name="City_Polygons_Named"><enttyp><enttypl Sync="TRUE">City_Polygons_Named</enttypl><enttypt Sync="TRUE">Feature Class</enttypt><enttypc Sync="TRUE">0</enttypc></enttyp><attr><attrlabl Sync="TRUE">FID</attrlabl><attalias Sync="TRUE">FID</attalias><attrtype Sync="TRUE">OID</attrtype><attwidth Sync="TRUE">4</attwidth><atprecis Sync="TRUE">0</atprecis><attscale Sync="TRUE">0</attscale><attrdef Sync="TRUE">Internal feature number.</attrdef><attrdefs Sync="TRUE">Esri</attrdefs><attrdomv><udom Sync="TRUE">Sequential unique whole numbers that are automatically generated.</udom></attrdomv></attr><attr><attrlabl Sync="TRUE">Shape</attrlabl><attalias Sync="TRUE">Shape</attalias><attrtype Sync="TRUE">Geometry</attrtype><attwidth Sync="TRUE">0</attwidth><atprecis Sync="TRUE">0</atprecis><attscale Sync="TRUE">0</attscale><attrdef Sync="TRUE">Feature geometry.</attrdef><attrdefs Sync="TRUE">Esri</attrdefs><attrdomv><udom Sync="TRUE">Coordinates defining the features.</udom></attrdomv></attr><attr><attrlabl Sync="TRUE">Name</attrlabl><attalias Sync="TRUE">Name</attalias><attrtype Sync="TRUE">String</attrtype><attwidth Sync="TRUE">80</attwidth><atprecis Sync="TRUE">0</atprecis><attscale Sync="TRUE">0</attscale></attr><attr><attrlabl Sync="TRUE">Country</attrlabl><attalias Sync="TRUE">Country</attalias><attrtype Sync="TRUE">String</attrtype><attwidth Sync="TRUE">80</attwidth><atprecis Sync="TRUE">0</atprecis><attscale Sync="TRUE">0</attscale></attr><attr><attrlabl Sync="TRUE">CONTINENT</attrlabl><attalias Sync="TRUE">CONTINENT</attalias><attrtype Sync="TRUE">String</attrtype><attwidth Sync="TRUE">23</attwidth><atprecis Sync="TRUE">0</atprecis><attscale Sync="TRUE">0</attscale></attr><attr><attrlabl Sync="TRUE">SUBREGION</attrlabl><attalias Sync="TRUE">SUBREGION</attalias><attrtype Sync="TRUE">String</attrtype><attwidth Sync="TRUE">25</attwidth><atprecis Sync="TRUE">0</atprecis><attscale Sync="TRUE">0</attscale></attr></detailed></eainfo><mdDateSt Sync="TRUE">20241201</mdDateSt></metadata>
